,month,number_of_reviews
0,1.0,11.202093107181524
1,2.0,12.301298701298702
2,3.0,11.670807453416149
3,4.0,14.503556187766714
4,5.0,20.185145775696956
5,6.0,46.24779151943463
6,7.0,42.70035371399697
7,8.0,7.6976604679064184
8,9.0,9.278827361563518
9,10.0,9.809708737864078
10,11.0,10.57685664939551
11,12.0,11.538983050847458
